text,category
"The government announced a new policy aimed at boosting economic growth.",
"A major technology firm unveiled its latest smartphone model today.",
"The national football team secured a dramatic victory in the final minutes.",
"Stock markets climbed after positive earnings reports from major banks.",
"A popular actor received critical acclaim for a new film release.",
"Parliament debated a new education reform bill this morning.",
"A tennis champion advanced to the finals after a strong performance.",
"A startup company introduced a new artificial intelligence platform.",
"Music fans celebrated the release of a long-awaited album.",
"Oil prices rose following global supply concerns.",
"The prime minister held talks with foreign leaders about trade.",
"A new video game broke sales records in its first week.",
"The basketball team celebrated their championship win.",
"Technology experts discussed the future of virtual reality.",
"Investors reacted positively to a rise in retail sales.",
"A famous singer announced a world tour next year.",
"Lawmakers proposed changes to national tax policies.",
"The cricket team dominated the match with a strong batting display.",
"A new streaming service launched with exclusive shows.",
"Analysts warned about possible inflation in coming months.",
"The president addressed the nation about economic recovery.",
"A cycling race drew thousands of spectators this weekend.",
"A tech company announced a breakthrough in battery technology.",
"The theater premiere attracted celebrities and critics.",
"A leading bank reported record quarterly profits.",
"Political leaders debated immigration policy reforms.",
"The rugby club signed a promising young player.",
"Researchers developed a new cybersecurity defense tool.",
"A film festival highlighted emerging international directors.",
"Retail companies expect strong holiday sales this year.",
"Government officials discussed climate policy at a summit.",
"A football coach praised his team's defensive strategy.",
"A major software update improved smartphone performance.",
"A television drama gained popularity among viewers.",
"The central bank hinted at potential interest rate changes.",
"Election campaigns intensified ahead of the national vote.",
"A marathon race attracted runners from around the world.",
"A tech startup secured funding from major investors.",
"A comedy film topped the weekend box office.",
"The business conference focused on innovation and trade.",
"Parliament voted on new environmental protection laws.",
"A star striker scored three goals in a thrilling match.",
"A robotics company showcased new automation technology.",
"Fans lined up for tickets to a music festival.",
"Economists predicted moderate growth in the coming year.",
"A government report highlighted rising employment rates.",
"The hockey team advanced to the championship final.",
"A company introduced a new cloud computing platform.",
"A television series finale drew millions of viewers.",
"Markets fell after uncertainty in global trade talks.",
"The mayor announced plans for urban development.",
"A boxing champion defended his title successfully.",
"New smartphone features were revealed at a tech expo.",
"Actors attended a gala celebrating film achievements.",
"A retailer expanded its online shopping platform.",
"Political analysts discussed the impact of recent polls.",
"A golf tournament concluded with a dramatic playoff.",
"Cybersecurity experts warned of new online threats.",
"A documentary film received international awards.",
"Shares dropped after disappointing company earnings.",
"The defense minister outlined new military strategies.",
"A football transfer deal broke previous records.",
"A software developer released a popular mobile app.",
"A singer performed to a sold-out arena crowd.",
"Trade negotiations continued between major economies.",
"A senate committee reviewed national infrastructure plans.",
"A basketball player set a new scoring record.",
"A tech conference highlighted advances in artificial intelligence.",
"A new movie trailer generated excitement among fans.",
"Investors monitored changes in global currency markets.",
"Government leaders met to discuss healthcare reform.",
"A swimmer broke a national record in competition.",
"A gaming company launched a next-generation console.",
"A music awards show celebrated top artists of the year.",
"Small businesses reported steady revenue growth.",
"A foreign minister met diplomats to discuss security.",
"A baseball team celebrated a crucial playoff victory.",
"Scientists unveiled new research on quantum computing.",
"A drama series received multiple award nominations.",
"Energy companies invested in renewable technology projects.",
"The opposition party criticized the new policy proposal.",
"A Formula One driver secured pole position for the race.",
"A technology company revealed a prototype wearable device.",
"Fans praised the latest superhero movie release.",
"Financial analysts warned of slowing global markets.",
"The president signed a bill supporting infrastructure projects.",
"A volleyball team celebrated winning the national title.",
"A cybersecurity firm reported a rise in hacking attempts.",
"A famous director announced plans for a new film.",
"Retail chains reported strong online sales growth.",
"Parliament discussed reforms to national labor laws.",
"A young athlete won gold at the regional championship.",
"A tech giant expanded its cloud services worldwide.",
"A popular television show returned for a new season.",
"Economists debated the impact of rising interest rates.",
"Government officials introduced a new transportation plan.",
"A soccer club celebrated its historic tournament win.",
"A startup created a new app to improve productivity."
